
/****** STUDENTS  ******/
INSERT INTO students (dni, name, surname, date_of_brith, date_of_admission, username, password) VALUES (34135573, 'Lucas', 'Vidal', '1988-06-04', '2022-03-01', 'vidal', '12345');
INSERT INTO students (dni, name, surname, date_of_brith, date_of_admission, username, password) VALUES (31223556, 'Daniel', 'Guerrero', '1990-10-19', '2022-03-01', 'guerrero', '12345');
INSERT INTO students (dni, name, surname, date_of_brith, date_of_admission, username, password) VALUES (32546221, 'Rodrigo', 'Mendez', '1987-08-01', '2022-03-01', 'mendez', '12345');
INSERT INTO students (dni, name, surname, date_of_brith, date_of_admission, username, password) VALUES (33598456, 'Diego', 'Mendieta', '1989-07-16', '2022-03-01', 'mendez', '12345');
INSERT INTO students (dni, name, surname, date_of_brith, date_of_admission, username, password) VALUES (29623122, 'Carlos', 'Suarez', '1993-02-11', '2022-03-01', 'suarez', '12345');
INSERT INTO students (dni, name, surname, date_of_brith, date_of_admission, username, password) VALUES (27468845, 'Matias', 'Escobar', '1992-08-15', '2022-03-01', 'escobar', '12345');
INSERT INTO students (dni, name, surname, date_of_brith, date_of_admission, username, password) VALUES (28995648, 'Esteban', 'Quito', '1988-02-04', '2022-07-01', 'quito', '12345');
INSERT INTO students (dni, name, surname, date_of_brith, date_of_admission, username, password) VALUES (29889548, 'Susana', 'Oria', '1990-12-25', '2022-07-01', 'oria', '12345');
INSERT INTO students (dni, name, surname, date_of_brith, date_of_admission, username, password) VALUES (34988562, 'Armando', 'Predes', '1991-09-15', '2022-07-01', 'paredes', '12345');
INSERT INTO students (dni, name, surname, date_of_brith, date_of_admission, username, password) VALUES (35899875, 'Elvis', 'Nieto', '1994-06-19', '2022-07-01', 'nieto', '12345');


/****** TEACHERS  ******/
INSERT INTO teachers (dni, name, surname, date_of_brith, username, password) VALUES ( 29656789, 'Jose', 'Svagdiz', '1981-12-10', 'svagdiz', '11223344');
INSERT INTO teachers (dni, name, surname, date_of_brith, username, password) VALUES ( 22995987, 'Cristian', 'Astorga', '1982-09-14', 'astorga', '11223344');
INSERT INTO teachers (dni, name, surname, date_of_brith, username, password) VALUES ( 22254879, 'Carlos', 'Gutierrez', '1986-04-30', 'gutierrez', '11223344');



/****** QUALIFICATIONS  ******/
INSERT INTO qualifications (code, dni, qual_1, date_1, qual_2, date_2, qual_3, date_3) VALUES (2022001, 34135573, 7, '2022-08-10', 0, '', 0, '');
INSERT INTO qualifications (code, dni, qual_1, date_1, qual_2, date_2, qual_3, date_3) VALUES (2022001, 32546221, 2, '2022-08-10', 0, '', 0, '');
INSERT INTO qualifications (code, dni, qual_1, date_1, qual_2, date_2, qual_3, date_3) VALUES (2022001, 27468845, 0, '2022-08-10', 0, '', 0, '');
INSERT INTO qualifications (code, dni, qual_1, date_1, qual_2, date_2, qual_3, date_3) VALUES (2022001, 35899875, 9, '2022-08-10', 0, '', 0, '');
INSERT INTO qualifications (code, dni, qual_1, date_1, qual_2, date_2, qual_3, date_3) VALUES (2022001, 28995648, 8, '2022-08-10', 0, '', 0, '');
INSERT INTO qualifications (code, dni, qual_1, date_1, qual_2, date_2, qual_3, date_3) VALUES (2022001, 33598456, 7, '2022-08-10', 0, '', 0, '');
INSERT INTO qualifications (code, dni, qual_1, date_1, qual_2, date_2, qual_3, date_3) VALUES (2022002, 35899875, 10, '2022-08-15', 0, '', 0, '');
INSERT INTO qualifications (code, dni, qual_1, date_1, qual_2, date_2, qual_3, date_3) VALUES (2022002, 34988562, 4, '2022-08-15', 0, '', 0, '');
INSERT INTO qualifications (code, dni, qual_1, date_1, qual_2, date_2, qual_3, date_3) VALUES (2022002, 29889548, 5, '2022-08-15', 0, '', 0, '');
INSERT INTO qualifications (code, dni, qual_1, date_1, qual_2, date_2, qual_3, date_3) VALUES (2022002, 31223556, 1, '2022-08-15', 0, '', 0, '');
INSERT INTO qualifications (code, dni, qual_1, date_1, qual_2, date_2, qual_3, date_3) VALUES (2022002, 34135573, 7, '2022-08-15', 0, '', 0, '');
INSERT INTO qualifications (code, dni, qual_1, date_1, qual_2, date_2, qual_3, date_3) VALUES (2022002, 32546221, 8, '2022-08-15', 0, '', 0, '');
INSERT INTO qualifications (code, dni, qual_1, date_1, qual_2, date_2, qual_3, date_3) VALUES (2022002, 33598456, 9, '2022-08-15', 0, '', 0, '');
INSERT INTO qualifications (code, dni, qual_1, date_1, qual_2, date_2, qual_3, date_3) VALUES (2022002, 29623122, 4, '2022-08-15', 0, '', 0, '');
INSERT INTO qualifications (code, dni, qual_1, date_1, qual_2, date_2, qual_3, date_3) VALUES (2022003, 27468845, 0, '', 0, '', 0, '');
INSERT INTO qualifications (code, dni, qual_1, date_1, qual_2, date_2, qual_3, date_3) VALUES (2022003, 28995648, 0, '', 0, '', 0, '');
INSERT INTO qualifications (code, dni, qual_1, date_1, qual_2, date_2, qual_3, date_3) VALUES (2022003, 29889548, 0, '', 0, '', 0, '');
INSERT INTO qualifications (code, dni, qual_1, date_1, qual_2, date_2, qual_3, date_3) VALUES (2022003, 35899875, 0, '', 0, '', 0, '');
INSERT INTO qualifications (code, dni, qual_1, date_1, qual_2, date_2, qual_3, date_3) VALUES (2022003, 34135573, 0, '', 0, '', 0, '');
INSERT INTO qualifications (code, dni, qual_1, date_1, qual_2, date_2, qual_3, date_3) VALUES (2022003, 31223556, 0, '', 0, '', 0, '');
INSERT INTO qualifications (code, dni, qual_1, date_1, qual_2, date_2, qual_3, date_3) VALUES (2022003, 32546221, 0, '', 0, '', 0, '');
INSERT INTO qualifications (code, dni, qual_1, date_1, qual_2, date_2, qual_3, date_3) VALUES (2022003, 29623122, 0, '', 0, '', 0, '');


/****** COURSES  ******/
INSERT INTO courses(code, name, dni_1, dni_2, dni_3) VALUES ( 2022001, 'Matematica 1', 29656789, 0, 0);
INSERT INTO courses(code, name, dni_1, dni_2, dni_3) VALUES ( 2022002, 'Informatica 1', 22995987, 22254879, 0);
INSERT INTO courses(code, name, dni_1, dni_2, dni_3) VALUES ( 2022003, 'Fisica 1', 29656789, 0, 0);



/****** ENROLLMENTS  ******/
INSERT INTO enrollment (code, dni) VALUES ( 2022001, 34135573);
INSERT INTO enrollment (code, dni) VALUES ( 2022001, 32546221);
INSERT INTO enrollment (code, dni) VALUES ( 2022001, 27468845);
INSERT INTO enrollment (code, dni) VALUES ( 2022001, 35899875);
INSERT INTO enrollment (code, dni) VALUES ( 2022001, 28995648);
INSERT INTO enrollment (code, dni) VALUES ( 2022001, 33598456);
INSERT INTO enrollment (code, dni) VALUES ( 2022002, 35899875);
INSERT INTO enrollment (code, dni) VALUES ( 2022002, 34988562);
INSERT INTO enrollment (code, dni) VALUES ( 2022002, 29889548);
INSERT INTO enrollment (code, dni) VALUES ( 2022002, 31223556);
INSERT INTO enrollment (code, dni) VALUES ( 2022002, 34135573);
INSERT INTO enrollment (code, dni) VALUES ( 2022002, 32546221);
INSERT INTO enrollment (code, dni) VALUES ( 2022002, 33598456);
INSERT INTO enrollment (code, dni) VALUES ( 2022002, 29623122);
INSERT INTO enrollment (code, dni) VALUES ( 2022003, 27468845);
INSERT INTO enrollment (code, dni) VALUES ( 2022003, 28995648);
INSERT INTO enrollment (code, dni) VALUES ( 2022003, 29889548);
INSERT INTO enrollment (code, dni) VALUES ( 2022003, 35899875);
INSERT INTO enrollment (code, dni) VALUES ( 2022003, 34135573);
INSERT INTO enrollment (code, dni) VALUES ( 2022003, 31223556);
INSERT INTO enrollment (code, dni) VALUES ( 2022003, 32546221);
INSERT INTO enrollment (code, dni) VALUES ( 2022003, 29623122);


