
/****** USERS  ******/
INSERT INTO users (dni, name, surname, date_of_brith, date_of_admission, username, password, teacher, admin) VALUES (34135573, 'Lucas Omar', 'Vidal', '1988-06-04', '2022-03-01', 'vidal', '12345', 0, 1);
INSERT INTO users (dni, name, surname, date_of_brith, date_of_admission, username, password, teacher, admin) VALUES (31223556, 'Daniel', 'Guerrero', '1990-10-19', '2022-03-01', 'alumno', 'alumno1234', 0, 0);
INSERT INTO users (dni, name, surname, date_of_brith, date_of_admission, username, password, teacher, admin) VALUES (32546221, 'Rodrigo', 'Mendez', '1987-08-01', '2022-03-01', 'mendez', '12345', 0, 0);
INSERT INTO users (dni, name, surname, date_of_brith, date_of_admission, username, password, teacher, admin) VALUES (33598456, 'Diego', 'Mendieta', '1989-07-16', '2022-03-01', 'mendez', '12345', 0, 0);
INSERT INTO users (dni, name, surname, date_of_brith, date_of_admission, username, password, teacher, admin) VALUES (29623122, 'Carlos', 'Suarez', '1993-02-11', '2022-03-01', 'suarez', '12345', 0, 0);
INSERT INTO users (dni, name, surname, date_of_brith, date_of_admission, username, password, teacher, admin) VALUES (27468845, 'Matias', 'Escobar', '1992-08-15', '2022-03-01', 'escobar', '12345', 0, 0);
INSERT INTO users (dni, name, surname, date_of_brith, date_of_admission, username, password, teacher, admin) VALUES (28995648, 'Esteban', 'Quito', '1988-02-04', '2022-07-01', 'quito', '12345', 0, 0);
INSERT INTO users (dni, name, surname, date_of_brith, date_of_admission, username, password, teacher, admin) VALUES (29889548, 'Susana', 'Oria', '1990-12-25', '2022-07-01', 'oria', '12345', 0, 0);
INSERT INTO users (dni, name, surname, date_of_brith, date_of_admission, username, password, teacher, admin) VALUES (34988562, 'Armando', 'Predes', '1991-09-15', '2022-07-01', 'paredes', '12345', 0, 0);
INSERT INTO users (dni, name, surname, date_of_brith, date_of_admission, username, password, teacher, admin) VALUES (35899875, 'Elvis', 'Nieto', '1994-06-19', '2022-07-01', 'nieto', '12345', 0, 0);
INSERT INTO users (dni, name, surname, date_of_brith, date_of_admission, username, password, teacher, admin) VALUES ( 29656789, 'Jose', 'Svagdiz', '1981-12-10', '2022-07-01', 'svagdiz', '11223344', 1, 0);
INSERT INTO users (dni, name, surname, date_of_brith, date_of_admission, username, password, teacher, admin) VALUES ( 22995987, 'Cristian', 'Astorga', '1982-09-14', '2022-07-01', 'astorga', '11223344', 1, 0);
INSERT INTO users (dni, name, surname, date_of_brith, date_of_admission, username, password, teacher, admin) VALUES ( 22254879, 'Carlos', 'Gutierrez', '1986-04-30', '2022-07-01', 'docente', 'docente1234', 1, 0);



/****** QUALIFICATIONS  ******/
INSERT INTO qualifications (code, dni, qual_1, qual_2, qual_3, qual_4, ap1, ap2, ap3, ap4, give_ap1, give_ap2, give_ap3, give_ap4 ) VALUES (2022001, 34135573, 7, 0, 0, 0, 0, 0, 0, 0, 0, 0, 0, 0);
INSERT INTO qualifications (code, dni, qual_1, qual_2, qual_3, qual_4, ap1, ap2, ap3, ap4, give_ap1, give_ap2, give_ap3, give_ap4 ) VALUES (2022001, 32546221, 2, 0, 0, 0, 0, 0, 0, 0, 0, 0, 0, 0);
INSERT INTO qualifications (code, dni, qual_1, qual_2, qual_3, qual_4, ap1, ap2, ap3, ap4, give_ap1, give_ap2, give_ap3, give_ap4 ) VALUES (2022001, 27468845, 0, 0, 0, 0, 0, 0, 0, 0, 0, 0, 0, 0);
INSERT INTO qualifications (code, dni, qual_1, qual_2, qual_3, qual_4, ap1, ap2, ap3, ap4, give_ap1, give_ap2, give_ap3, give_ap4 ) VALUES (2022001, 35899875, 9, 0, 0, 0, 0, 0, 0, 0, 0, 0, 0, 0);
INSERT INTO qualifications (code, dni, qual_1, qual_2, qual_3, qual_4, ap1, ap2, ap3, ap4, give_ap1, give_ap2, give_ap3, give_ap4 ) VALUES (2022001, 28995648, 8, 0, 0, 0, 0, 0, 0, 0, 0, 0, 0, 0);
INSERT INTO qualifications (code, dni, qual_1, qual_2, qual_3, qual_4, ap1, ap2, ap3, ap4, give_ap1, give_ap2, give_ap3, give_ap4 ) VALUES (2022001, 33598456, 7, 0, 0, 0, 0, 0, 0, 0, 0, 0, 0, 0);
INSERT INTO qualifications (code, dni, qual_1, qual_2, qual_3, qual_4, ap1, ap2, ap3, ap4, give_ap1, give_ap2, give_ap3, give_ap4 ) VALUES (2022002, 35899875, 10, 0, 0, 0, 0, 0, 0, 0, 0, 0, 0, 0);
INSERT INTO qualifications (code, dni, qual_1, qual_2, qual_3, qual_4, ap1, ap2, ap3, ap4, give_ap1, give_ap2, give_ap3, give_ap4 ) VALUES (2022002, 34988562, 4, 0, 0, 0, 0, 0, 0, 0, 0, 0, 0, 0);
INSERT INTO qualifications (code, dni, qual_1, qual_2, qual_3, qual_4, ap1, ap2, ap3, ap4, give_ap1, give_ap2, give_ap3, give_ap4 ) VALUES (2022002, 29889548, 5, 0, 0, 0, 0, 0, 0, 0, 0, 0, 0, 0);
INSERT INTO qualifications (code, dni, qual_1, qual_2, qual_3, qual_4, ap1, ap2, ap3, ap4, give_ap1, give_ap2, give_ap3, give_ap4 ) VALUES (2022002, 31223556, 1, 0, 0, 0, 0, 0, 0, 0, 0, 0, 0, 0);
INSERT INTO qualifications (code, dni, qual_1, qual_2, qual_3, qual_4, ap1, ap2, ap3, ap4, give_ap1, give_ap2, give_ap3, give_ap4 ) VALUES (2022002, 34135573, 7, 0, 0, 0, 0, 0, 0, 0, 0, 0, 0, 0);
INSERT INTO qualifications (code, dni, qual_1, qual_2, qual_3, qual_4, ap1, ap2, ap3, ap4, give_ap1, give_ap2, give_ap3, give_ap4 ) VALUES (2022002, 32546221, 8, 0, 0, 0, 0, 0, 0, 0, 0, 0, 0, 0);
INSERT INTO qualifications (code, dni, qual_1, qual_2, qual_3, qual_4, ap1, ap2, ap3, ap4, give_ap1, give_ap2, give_ap3, give_ap4 ) VALUES (2022002, 33598456, 9, 0, 0, 0, 0, 0, 0, 0, 0, 0, 0, 0);
INSERT INTO qualifications (code, dni, qual_1, qual_2, qual_3, qual_4, ap1, ap2, ap3, ap4, give_ap1, give_ap2, give_ap3, give_ap4 ) VALUES (2022002, 29623122, 4, 0, 0, 0, 0, 0, 0, 0, 0, 0, 0, 0);
INSERT INTO qualifications (code, dni, qual_1, qual_2, qual_3, qual_4, ap1, ap2, ap3, ap4, give_ap1, give_ap2, give_ap3, give_ap4 ) VALUES (2022003, 27468845, 0, 0, 0, 0, 0, 0, 0, 0, 0, 0, 0, 0);
INSERT INTO qualifications (code, dni, qual_1, qual_2, qual_3, qual_4, ap1, ap2, ap3, ap4, give_ap1, give_ap2, give_ap3, give_ap4 ) VALUES (2022003, 28995648, 0, 0, 0, 0, 0, 0, 0, 0, 0, 0, 0, 0);
INSERT INTO qualifications (code, dni, qual_1, qual_2, qual_3, qual_4, ap1, ap2, ap3, ap4, give_ap1, give_ap2, give_ap3, give_ap4 ) VALUES (2022003, 29889548, 0, 0, 0, 0, 0, 0, 0, 0, 0, 0, 0, 0);
INSERT INTO qualifications (code, dni, qual_1, qual_2, qual_3, qual_4, ap1, ap2, ap3, ap4, give_ap1, give_ap2, give_ap3, give_ap4 ) VALUES (2022003, 35899875, 0, 0, 0, 0, 0, 0, 0, 0, 0, 0, 0, 0);
INSERT INTO qualifications (code, dni, qual_1, qual_2, qual_3, qual_4, ap1, ap2, ap3, ap4, give_ap1, give_ap2, give_ap3, give_ap4 ) VALUES (2022003, 34135573, 0, 0, 0, 0, 0, 0, 0, 0, 0, 0, 0, 0);
INSERT INTO qualifications (code, dni, qual_1, qual_2, qual_3, qual_4, ap1, ap2, ap3, ap4, give_ap1, give_ap2, give_ap3, give_ap4 ) VALUES (2022003, 31223556, 0, 0, 0, 0, 0, 0, 0, 0, 0, 0, 0, 0);
INSERT INTO qualifications (code, dni, qual_1, qual_2, qual_3, qual_4, ap1, ap2, ap3, ap4, give_ap1, give_ap2, give_ap3, give_ap4 ) VALUES (2022003, 32546221, 0, 0, 0, 0, 0, 0, 0, 0, 0, 0, 0, 0);
INSERT INTO qualifications (code, dni, qual_1, qual_2, qual_3, qual_4, ap1, ap2, ap3, ap4, give_ap1, give_ap2, give_ap3, give_ap4 ) VALUES (2022003, 29623122, 0, 0, 0, 0, 0, 0, 0, 0, 0, 0, 0, 0);


/****** COURSES  ******/
INSERT INTO courses (code, name, career, date_test1, date_test2, date_test3, date_test4, date_ap1, date_ap2, date_ap3, date_ap4) VALUES ( 20221001, 'Matematica 1',101, '2022-06-19T18:00:00', '', '', '', '', '', '', '');
INSERT INTO courses (code, name, career, date_test1, date_test2, date_test3, date_test4, date_ap1, date_ap2, date_ap3, date_ap4) VALUES ( 20222002, 'Informatica 1',102 ,'2022-06-08T18:00:00', '', '', '', '', '', '', '');
INSERT INTO courses (code, name, career, date_test1, date_test2, date_test3, date_test4, date_ap1, date_ap2, date_ap3, date_ap4) VALUES ( 20223003, 'Fisica 1',103 ,'2022-06-25T18:00:00', '', '', '', '', '', '', '');



/****** ENROLLMENTS  ******/
INSERT INTO enrollment (code, dni) VALUES ( 2022001, 34135573);
INSERT INTO enrollment (code, dni) VALUES ( 2022001, 32546221);
INSERT INTO enrollment (code, dni) VALUES ( 2022001, 27468845);
INSERT INTO enrollment (code, dni) VALUES ( 2022001, 35899875);
INSERT INTO enrollment (code, dni) VALUES ( 2022001, 28995648);
INSERT INTO enrollment (code, dni) VALUES ( 2022001, 33598456);
INSERT INTO enrollment (code, dni) VALUES ( 2022002, 35899875);
INSERT INTO enrollment (code, dni) VALUES ( 2022002, 34988562);
INSERT INTO enrollment (code, dni) VALUES ( 2022002, 29889548);
INSERT INTO enrollment (code, dni) VALUES ( 2022002, 31223556);
INSERT INTO enrollment (code, dni) VALUES ( 2022002, 34135573);
INSERT INTO enrollment (code, dni) VALUES ( 2022002, 32546221);
INSERT INTO enrollment (code, dni) VALUES ( 2022002, 33598456);
INSERT INTO enrollment (code, dni) VALUES ( 2022002, 29623122);
INSERT INTO enrollment (code, dni) VALUES ( 2022003, 27468845);
INSERT INTO enrollment (code, dni) VALUES ( 2022003, 28995648);
INSERT INTO enrollment (code, dni) VALUES ( 2022003, 29889548);
INSERT INTO enrollment (code, dni) VALUES ( 2022003, 35899875);
INSERT INTO enrollment (code, dni) VALUES ( 2022003, 34135573);
INSERT INTO enrollment (code, dni) VALUES ( 2022003, 31223556);
INSERT INTO enrollment (code, dni) VALUES ( 2022003, 32546221);
INSERT INTO enrollment (code, dni) VALUES ( 2022003, 29623122);


/****** NOTIFICATIONS  ******/

INSERT INTO notifications (datatime, subject, from_dni, to_dni, message) VALUES ( '2022-06-19T18:00:00', 'Tema de examen', 29656789, 34135573, 'Testeo de mensajes para ver cuantos caracteres entran aca');
INSERT INTO notifications (datatime, subject, from_dni, to_dni, message) VALUES ( '2022-06-19T19:30:00', 'Tema de examen2', 22254879, 34988562, 'Testeo de mensajes para ver cuantos caracteres entran aca');
INSERT INTO notifications (datatime, subject, from_dni, to_dni, message) VALUES ( '2022-06-19T19:50:00', 'Tema de examen3', 22995987, 35899875, 'Testeo de mensajes para ver cuantos caracteres entran aca');
INSERT INTO notifications (datatime, subject, from_dni, to_dni, message) VALUES ( '2022-06-19T18:00:00', 'Re: Tema de examen', 34135573, 29656789, 're-envio: Testeo de mensajes para ver cuantos caracteres entran aca');

INSERT INTO careers (code, name) VALUES ( 101, 'Licenciatura Sistemas');
INSERT INTO careers (code, name) VALUES ( 102, 'Licenciatura Ciencia de Datos');
INSERT INTO careers (code, name) VALUES ( 103, 'Licenciatura Informatica');


